spec_index,tb,vm_298K,C_number,H_number,S_number,N_number,O_number,mw,aromatic_ring_number,naphthenic_ring_number,thiophene_ring_number,total_ring_number,cetane_number_Beta,cetane_number,tm,gasoline_piona_type
1,231.062,86.9961,3,8,0,0,0,44.09562,0,0,0,0,0.5212,31.72,70.93626651,1
2,261.293,103.338,4,10,0,0,0,58.1222,0,0,0,0,7.3717,25,77.47734158,2
3,331.114,131.893,6,14,0,0,0,86.17536,0,0,0,0,7.3717,12,105.9037649,2
4,353.989,144.433,7,16,0,0,0,100.20194,0,0,0,0,7.3717,14,158.3110953,2
5,328.733,128.01,6,12,0,0,0,84.15948,0,0,0,0,0.3597,23.8,111.4263919,3
6,266.201,93.4626,4,8,0,0,0,56.10632,0,0,0,0,0.3597,20,84.18135448,3
7,225.595,80.5527,3,6,0,0,0,42.07974,0,0,0,0,0.3597,20,77.94527085,3
8,351.018,138.465,7,14,0,0,0,98.18606,0,0,0,0,0.3597,47,162.1672124,3
9,322.389,93.5719,5,10,0,0,0,70.1329,0,1,0,1,0.0727,18.5,133.4634804,4
10,353.851,107.528,6,12,0,0,0,84.15948,0,1,0,1,0.0727,18.5,159.6394957,4
11,353.219,88.3962,6,6,0,0,0,78.11184,1,0,0,1,3.1967,10.7,186.0891497,5
12,347.7671633,90.8,4,10,1,0,0,90.1872,0,0,0,0,3.1967,11.7,165.4561254,0
13,378.0036488,92.2,4,8,1,0,0,88.17132,0,1,0,1,3.1967,22.6,186.3128625,0
14,382.8535854,77.4,4,4,1,0,0,84.13956,1,0,1,1,3.1967,22.6,201.5536119,0
15,375.8314572,68.9,4,5,0,1,0,67.0892,0,1,0,1,3.1967,22.6,263.8425971,0
16,381.4908878,82,5,5,0,1,0,79.0999,1,0,0,1,3.1967,22.6,234.6691166,0
17,272.623,99.6069,4,10,0,0,0,58.1222,0,0,0,0,0.5212,31.72,95.00923824,1
18,309.207,114.433,5,12,0,0,0,72.14878,0,0,0,0,0.5212,31.72,115.6194827,1
19,341.861,129.883,6,14,0,0,0,86.17536,0,0,0,0,0.5212,39.97,133.6390466,1
20,371.515,145.741,7,16,0,0,0,100.20194,0,0,0,0,0.5212,54.61,149.6470942,1
21,398.794,161.751,8,18,0,0,0,114.22852,0,0,0,0,0.5212,61.56,164.0479561,1
22,423.789,177.819,9,20,0,0,0,128.2551,0,0,0,0,0.5212,85.4,177.1351094,1
23,447.267,194.017,10,22,0,0,0,142.28168,0,0,0,0,0.5212,80.91,189.128329,1
24,469.051,210.173,11,24,0,0,0,156.30826,0,0,0,0,0.5212,84.74,200.1964712,1
25,489.449,226.474,12,26,0,0,0,170.33484,0,0,0,0,0.5212,83.15,210.4720819,1
26,300.996,115.624,5,12,0,0,0,72.14878,0,0,0,0,7.3717,25,100.5598151,2
27,333.39,128.922,6,14,0,0,0,86.17536,0,0,0,0,7.3717,29.5,120.4401121,2
28,363.103,145.021,7,16,0,0,0,100.20194,0,0,0,0,7.3717,33.4,137.8994158,2
29,390.784,162.82,8,18,0,0,0,114.22852,0,0,0,0,7.3717,41.9,153.4638791,2
30,416.096,178.573,9,20,0,0,0,128.2551,0,0,0,0,7.3717,42,167.504821,2
31,440.1,194.818,10,22,0,0,0,142.28168,0,0,0,0,7.3717,47.3,180.2940878,2
32,462.315,210.066,11,24,0,0,0,156.30826,0,0,0,0,7.3717,48,192.0366885,2
33,484.427,227.437,12,26,0,0,0,170.33484,0,0,0,0,7.3717,50,202.891056,2
34,504.9328394,245.4,13,28,0,0,0,184.36142,0,0,0,0,7.3717,50.2,212.9821673,2
35,362.971,143.436,7,16,0,0,0,100.20194,0,0,0,0,7.3717,14,125.1041251,2
36,388.734,163.711,8,18,0,0,0,114.22852,0,0,0,0,7.3717,15.5,142.0369961,2
37,413.499,179.705,9,20,0,0,0,128.2551,0,0,0,0,7.3717,35,157.181818,2
38,432.189,198.398,10,22,0,0,0,142.28168,0,0,0,0,7.3717,40,170.8804054,2
39,448.943,210.822,11,24,0,0,0,156.30826,0,0,0,0,7.3717,45,183.385053,2
40,468.085,227.234,12,26,0,0,0,170.33484,0,0,0,0,7.3717,50,194.8873003,2
41,496.0411543,245.1,13,28,0,0,0,184.36142,0,0,0,0,7.3717,54,205.5359981,2
42,386.592,158.122,8,18,0,0,0,114.22852,0,0,0,0,7.3717,15.5,129.6213787,2
43,404.034,178.357,9,20,0,0,0,128.2551,0,0,0,0,7.3717,35,146.0586676,2
44,422.465,192.593,10,22,0,0,0,142.28168,0,0,0,0,7.3717,40,160.8059016,2
45,448.07,210.036,11,24,0,0,0,156.30826,0,0,0,0,7.3717,45,174.178444,2
46,460.389,226.383,12,26,0,0,0,170.33484,0,0,0,0,7.3717,50,186.4108722,2
47,486.8138871,244.8,13,28,0,0,0,184.36142,0,0,0,0,7.3717,54,197.682413,2
48,505.4996352,261.3,14,30,0,0,0,198.388,0,0,0,0,7.3717,56,208.1330937,2
49,353.924,107.1224243,7,14,0,0,0,98.18606,0,0,0,0,0.3597,47,129.9469622,3
50,386.661,154.186,8,16,0,0,0,112.21264,0,0,0,0,0.3597,45,146.3490655,3
51,399.97,153.376,9,18,0,0,0,126.23922,0,0,0,0,0.3597,50,161.0679772,3
52,427.575,184.035,10,20,0,0,0,140.2658,0,0,0,0,0.3597,60.2,174.4172309,3
53,450.43,205.619,11,22,0,0,0,154.29238,0,0,0,0,0.3597,65,186.6301717,3
54,475.586975,222.7,12,24,0,0,0,168.31896,0,0,0,0,0.3597,71.3,197.8851657,3
55,495.1165103,239.2,13,26,0,0,0,182.34554,0,0,0,0,0.3597,75,208.3216215,3
56,293.21,105.675,5,10,0,0,0,70.1329,0,0,0,0,0.3597,20,106.2877537,3
57,326.988,123.009,6,12,0,0,0,84.15948,0,0,0,0,0.3597,23.8,125.4401033,3
58,358.34,137.814,7,14,0,0,0,98.18606,0,0,0,0,0.3597,47,142.335635,3
59,384.621,154.973,8,16,0,0,0,112.21264,0,0,0,0,0.3597,45,157.450587,3
60,417.41,171.126,9,18,0,0,0,126.23922,0,0,0,0,0.3597,50,171.1247364,3
61,440.341,177.452,10,20,0,0,0,140.2658,0,0,0,0,0.3597,60.2,183.6090197,3
62,462.223,202.725,11,22,0,0,0,154.29238,0,0,0,0,0.3597,65,195.0940361,3
63,477.696,220.004,12,24,0,0,0,168.31896,0,0,0,0,0.3597,71.3,205.727965,3
64,504.0412758,239.5,13,26,0,0,0,182.34554,0,0,0,0,0.3597,75,215.6282885,3
65,266.823,93.5385,4,8,0,0,0,56.10632,0,0,0,0,0.3597,20,100.9583458,3
66,303.101,107.475,5,10,0,0,0,70.1329,0,0,0,0,0.3597,20,120.7871707,3
67,336.597,123.526,6,12,0,0,0,84.15948,0,0,0,0,0.3597,23.8,138.2067771,3
68,366.765,139.991,7,14,0,0,0,98.18606,0,0,0,0,0.3597,47,153.7396923,3
69,394.418,156.072,8,16,0,0,0,112.21264,0,0,0,0,0.3597,45,167.7549596,3
70,420.003,172.261,9,18,0,0,0,126.23922,0,0,0,0,0.3597,50,180.5229246,3
71,443.713,188.494,10,20,0,0,0,140.2658,0,0,0,0,0.3597,60.2,192.2475671,3
72,465.82,204.743,11,22,0,0,0,154.29238,0,0,0,0,0.3597,65,203.0865897,3
73,486.514,221.02,12,24,0,0,0,168.31896,0,0,0,0,0.3597,71.3,213.1644378,3
74,512.6517291,239.8,13,26,0,0,0,182.34554,0,0,0,0,0.3597,75,222.5810399,3
75,389.075,154.85,8,16,0,0,0,112.21264,0,0,0,0,0.3597,45,134.3166405,3
76,394.519,173.583,9,18,0,0,0,126.23922,0,0,0,0,0.3597,50,150.2533472,3
77,420.408,169.476,10,20,0,0,0,140.2658,0,0,0,0,0.3597,60.2,164.5964595,3
78,442.251,204.089,11,22,0,0,0,154.29238,0,0,0,0,0.3597,65,177.6359085,3
79,465.5378662,222.4,12,24,0,0,0,168.31896,0,0,0,0,0.3597,71.3,189.5890576,3
80,485.8536134,238.9,13,26,0,0,0,182.34554,0,0,0,0,0.3597,75,200.6230667,3
81,504.6101396,255.4,14,28,0,0,0,196.37212,0,0,0,0,0.3597,79.7,210.8692529,3
82,344.938,111.785,6,12,0,0,0,84.15948,0,1,0,1,0.0727,24.9,156.0823199,4
83,376.591,127.458,7,14,0,0,0,98.18606,0,1,0,1,0.0727,34.1,169.8813141,4
84,404.069,143.865,8,16,0,0,0,112.21264,0,1,0,1,0.0727,40,182.4695645,4
85,429.392,160.241,9,18,0,0,0,126.23922,0,1,0,1,0.0727,61.8,194.0425034,4
86,453.248,176.52,10,20,0,0,0,140.2658,0,1,0,1,0.0727,62,204.7517581,4
87,478.803,193.491,11,22,0,0,0,154.29238,0,1,0,1,0.0727,64.5,214.717337,4
88,497.082,209.366,12,24,0,0,0,168.31896,0,1,0,1,0.0727,78.5,224.0358526,4
89,383.433,118.387,7,14,0,0,0,98.18606,0,1,0,1,0.0727,24.9,178.7274213,4
90,404.915,141.738,8,16,0,0,0,112.21264,0,1,0,1,0.0727,34.1,190.5936797,4
91,429.851,158.39,9,18,0,0,0,126.23922,0,1,0,1,0.0727,40,201.5536119,4
92,454.089,174.73,10,20,0,0,0,140.2658,0,1,0,1,0.0727,61.8,211.7358954,4
93,476.603,191.533,11,22,0,0,0,154.29238,0,1,0,1,0.0727,62,221.2436108,4
94,497.987,207.63,12,24,0,0,0,168.31896,0,1,0,1,0.0727,64.5,230.1606108,4
95,383.73,105.785,7,8,0,0,0,92.13842,1,0,0,1,3.1967,2.6,202.7896927,5
96,409.312,121.822,8,10,0,0,0,106.165,1,0,0,1,3.1967,7.4,187.8846838,5
97,432.351,138.853,9,12,0,0,0,120.19158,1,0,0,1,3.1967,7.6,199.0454695,5
98,456.411,155.4,10,14,0,0,0,134.21816,1,0,0,1,3.1967,10,209.400878,5
99,475.99,171.823,11,16,0,0,0,148.24474,1,0,0,1,3.1967,9,219.059361,5
100,498.885,188.156,12,18,0,0,0,162.27132,1,0,0,1,3.1967,9,228.1088397,5
101,379.8569403,107.3,5,12,1,0,0,104.21378,0,0,0,0,3.1967,11.7,178.4211417,0
102,408.2197267,123.8,6,14,1,0,0,118.24036,0,0,0,0,3.1967,11.7,190.3117203,0
103,433.6318605,140.3,7,16,1,0,0,132.26694,0,0,0,0,3.1967,11.7,201.2923947,0
104,456.6498296,156.8,8,18,1,0,0,146.29352,0,0,0,0,3.1967,11.7,211.4925776,0
105,477.6861707,173.3,9,20,1,0,0,160.3201,0,0,0,0,3.1967,11.7,221.0158967,0
106,497.0552011,189.8,10,22,1,0,0,174.34668,0,0,0,0,3.1967,11.7,229.9466198,0
107,406.0734924,106.7,5,10,1,0,0,102.1979,0,1,0,1,3.1967,0,202.3379316,0
108,431.6983207,123.2,6,12,1,0,0,116.22448,0,1,0,1,3.1967,5,212.4666529,0
109,454.8906286,139.7,7,14,1,0,0,130.25106,0,1,0,1,3.1967,10,221.9276541,0
110,476.07247,156.2,8,16,1,0,0,144.27764,0,1,0,1,3.1967,14,230.8035535,0
111,495.564771,172.7,9,18,1,0,0,158.30422,0,1,0,1,3.1967,16,239.1625251,0
112,409.8262798,93.4,5,6,1,0,0,98.16614,1,0,1,1,3.1967,0,216.6351348,0
113,433.4367007,110.7,6,8,1,0,0,112.19272,1,0,1,1,3.1967,5,203.1668211,0
114,456.4722096,127.2,7,10,1,0,0,126.2193,1,0,1,1,3.1967,10,213.239232,0
115,477.5231978,143.7,8,12,1,0,0,140.24588,1,0,1,1,3.1967,14,222.651087,0
116,496.9046437,160.2,9,14,1,0,0,154.27246,1,0,1,1,3.1967,16,231.4837189,0
117,403.5470726,84.9,5,7,0,1,0,81.11578,0,1,0,1,3.1967,0,273.7942542,0
118,427.7422436,102.2,6,9,0,1,0,95.14236,0,1,0,1,3.1967,5,264.8900305,0
119,451.2951839,118.7,7,11,0,1,0,109.16894,0,1,0,1,3.1967,10,271.5225235,0
120,472.7773999,135.2,8,13,0,1,0,123.19552,0,1,0,1,3.1967,14,277.8620989,0
121,492.5237561,151.7,9,15,0,1,0,137.2221,0,1,0,1,3.1967,16,283.9335391,0
122,510.7939304,168.2,10,17,0,1,0,151.24868,0,1,0,1,3.1967,16.5,289.7586084,0
123,408.6062633,98,6,7,0,1,0,93.12648,1,0,0,1,3.1967,0,246.770922,0
124,432.3292343,115.3,7,9,0,1,0,107.15306,1,0,0,1,3.1967,5,235.9515033,0
125,455.4645176,131.8,8,11,0,1,0,121.17964,1,0,0,1,3.1967,10,244.0241821,0
126,476.5987881,148.3,9,13,0,1,0,135.20622,1,0,0,1,3.1967,14,251.6670131,0
127,496.0508011,164.8,10,15,0,1,0,149.2328,1,0,0,1,3.1967,16,258.9234677,0
128,455.3430112,155.8,10,18,0,0,0,138.24992,0,2,0,2,0.0727,40,218.8406605,4
129,527.1571211,200.2,14,24,0,0,0,192.34036,0,3,0,3,0.0727,40,260.6349568,4
130,485.323347,140.4,10,12,0,0,0,132.20228,1,1,0,2,3.1967,11.7,285.2547018,5
131,567.2476571,191.6,14,18,0,0,0,186.29272,1,2,0,3,3.1967,11.7,343.3507126,5
132,491.131,124.6688513,10,8,0,0,0,128.17052,2,0,0,2,3.1967,22.6,309.1033059,5
133,585.7017603,178,14,14,0,0,0,182.26096,2,1,0,3,3.1967,11.7,359.6940757,5
134,642.9872617,229.2,18,20,0,0,0,236.3514,2,2,0,4,3.1967,11.7,397.028394,5
135,602.8603054,164.4,14,10,0,0,0,178.2292,3,0,0,3,3.1967,22.6,374.365677,5
136,471.9377753,136.6,8,14,1,0,0,142.26176,0,2,0,2,3.1967,22.6,237.0436156,0
137,500.059698,121.2,8,8,1,0,0,136.21412,1,1,0,2,3.1967,22.6,296.9822307,0
138,522.719894,115,8,6,1,0,0,134.19824,2,0,1,2,3.1967,22.6,315.8726031,0
139,594.5669481,166.2,12,12,1,0,0,188.28868,2,1,1,3,3.1967,22.6,364.4861049,0
140,611.1347663,152.6,12,8,1,0,0,184.25692,3,0,1,3,3.1967,22.6,378.6991468,0
141,611.1347663,152.6,12,8,1,0,0,184.25692,3,0,1,3,3.1967,22.6,378.6991468,0
142,497.7203872,133.2,9,11,0,1,0,133.19034,1,1,0,2,3.1967,22.6,311.6484232,0
143,518.7815026,106.5,8,7,0,1,0,117.14788,1,1,0,2,3.1967,22.6,347.3328153,0
144,521.9517364,119.6,9,7,0,1,0,129.15858,2,0,0,2,3.1967,22.6,331.7588497,0
145,593.9945919,170.8,13,13,0,1,0,183.24902,2,1,0,3,3.1967,22.6,375.9863436,0
146,608.3981289,144.1,12,9,0,1,0,167.20656,2,1,0,3,3.1967,22.6,399.7801384,0
147,610.5999478,157.2,13,9,0,1,0,179.21726,3,0,0,3,3.1967,22.6,389.153916,0
148,513.5124977,245.7,13,28,0,0,0,184.36142,0,0,0,0,0.5212,88,220.0611145,1
149,530.3302934,262.2,14,30,0,0,0,198.388,0,0,0,0,0.5212,100.4,229.0496,1
150,546.0654303,278.7,15,32,0,0,0,212.41458,0,0,0,0,0.5212,96.3,237.5083481,1
151,560.8489114,295.2,16,34,0,0,0,226.44116,0,0,0,0,0.5212,100,245.4963392,1
152,574.789313,311.7,17,36,0,0,0,240.46774,0,0,0,0,0.5212,100,253.0632207,1
153,587.9776282,328.2,18,38,0,0,0,254.49432,0,0,0,0,0.5212,100,260.251178,1
154,600.4908702,344.7,19,40,0,0,0,268.5209,0,0,0,0,0.5212,100,267.0963586,1
155,612.3947968,361.2,20,42,0,0,0,282.54748,0,0,0,0,0.5212,100,273.6299723,1
156,623.7460026,377.7,21,44,0,0,0,296.57406,0,0,0,0,0.5212,100,279.8791513,1
157,634.5935458,394.2,22,46,0,0,0,310.60064,0,0,0,0,0.5212,100,285.867631,1
158,644.9802297,410.7,23,48,0,0,0,324.62722,0,0,0,0,0.5212,100,291.6162946,1
159,654.9436229,427.2,24,50,0,0,0,338.6538,0,0,0,0,0.5212,100,297.1436122,1
160,664.5168797,443.7,25,52,0,0,0,352.68038,0,0,0,0,0.5212,100,302.4659992,1
161,673.7294054,460.2,26,54,0,0,0,366.70696,0,0,0,0,0.5212,100,307.5981098,1
162,682.6074011,476.7,27,56,0,0,0,380.73354,0,0,0,0,0.5212,100,312.5530805,1
163,691.1743132,493.2,28,58,0,0,0,394.76012,0,0,0,0,0.5212,100,317.3427328,1
164,699.4512064,509.7,29,60,0,0,0,408.7867,0,0,0,0,0.5212,100,321.9777429,1
165,522.3303412,261.9,14,30,0,0,0,198.388,0,0,0,0,7.3717,52,222.4103475,2
166,538.5717979,278.4,15,32,0,0,0,212.41458,0,0,0,0,7.3717,52,231.257355,2
167,553.8013193,294.9,16,34,0,0,0,226.44116,0,0,0,0,7.3717,55,239.5906979,2
168,568.1376421,311.4,17,36,0,0,0,240.46774,0,0,0,0,7.3717,60,247.4667649,2
169,581.679758,327.9,18,38,0,0,0,254.49432,0,0,0,0,7.3717,65.6,254.9331404,2
170,594.5110626,344.4,19,40,0,0,0,268.5209,0,0,0,0,7.3717,70.7,262.0303473,2
171,606.7024686,360.9,20,42,0,0,0,282.54748,0,0,0,0,7.3717,83.1,268.7931784,2
172,618.3147794,377.4,21,44,0,0,0,296.57406,0,0,0,0,7.3717,80,275.2517285,2
173,629.4005237,393.9,22,46,0,0,0,310.60064,0,0,0,0,7.3717,80,281.432204,2
174,640.005392,410.4,23,48,0,0,0,324.62722,0,0,0,0,7.3717,80,287.3575648,2
175,650.1693743,426.9,24,50,0,0,0,338.6538,0,0,0,0,7.3717,80,293.0480396,2
176,659.9276708,443.4,25,52,0,0,0,352.68038,0,0,0,0,7.3717,80,298.5215428,2
177,669.3114275,459.9,26,54,0,0,0,366.70696,0,0,0,0,7.3717,80,303.7940141,2
178,678.3483358,476.4,27,56,0,0,0,380.73354,0,0,0,0,7.3717,80,308.8796991,2
179,687.0631251,492.9,28,58,0,0,0,394.76012,0,0,0,0,7.3717,80,313.7913805,2
180,695.477971,509.4,29,60,0,0,0,408.7867,0,0,0,0,7.3717,80,318.5405725,2
181,514.0597723,261.6,14,30,0,0,0,198.388,0,0,0,0,7.3717,56,215.4491212,2
182,530.8412298,278.1,15,32,0,0,0,212.41458,0,0,0,0,7.3717,57.5,224.7217582,2
183,546.5445537,294.6,16,34,0,0,0,226.44116,0,0,0,0,7.3717,60,233.4316738,2
184,561.2999512,311.1,17,36,0,0,0,240.46774,0,0,0,0,7.3717,60,241.6432767,2
185,575.2153791,327.6,18,38,0,0,0,254.49432,0,0,0,0,7.3717,60,249.4105134,2
186,588.3813411,344.1,19,40,0,0,0,268.5209,0,0,0,0,7.3717,60,256.7790183,2
187,600.8744584,360.6,20,42,0,0,0,282.54748,0,0,0,0,7.3717,60,263.7877381,2
188,612.7601716,377.1,21,44,0,0,0,296.57406,0,0,0,0,7.3717,60,270.4701779,2
189,624.0948151,393.6,22,46,0,0,0,310.60064,0,0,0,0,7.3717,62,276.85537,2
190,634.9272323,410.1,23,48,0,0,0,324.62722,0,0,0,0,7.3717,64,282.9686364,2
191,645.3000476,426.6,24,50,0,0,0,338.6538,0,0,0,0,7.3717,65,288.8321951,2
192,655.2506791,443.1,25,52,0,0,0,352.68038,0,0,0,0,7.3717,70,294.4656475,2
193,664.8121535,459.6,26,54,0,0,0,366.70696,0,0,0,0,7.3717,70,299.8863741,2
194,674.0137676,476.1,27,56,0,0,0,380.73354,0,0,0,0,7.3717,70,305.1098575,2
195,682.8816294,492.6,28,58,0,0,0,394.76012,0,0,0,0,7.3717,70,310.1499494,2
196,691.4391051,509.1,29,60,0,0,0,408.7867,0,0,0,0,7.3717,70,315.0190915,2
197,699.7071897,525.6,30,62,0,0,0,422.81328,0,0,0,0,7.3717,70,319.728501,2
198,522.8582523,277.8,15,32,0,0,0,212.41458,0,0,0,0,7.3717,57.5,217.8744008,2
199,539.0658172,294.3,16,34,0,0,0,226.44116,0,0,0,0,7.3717,60,226.9965453,2
200,554.2655359,310.8,17,36,0,0,0,240.46774,0,0,0,0,7.3717,60,235.5735541,2
201,568.5754472,327.3,18,38,0,0,0,254.49432,0,0,0,0,7.3717,60,243.6669235,2
202,582.0939953,343.8,19,40,0,0,0,268.5209,0,0,0,0,7.3717,60,251.3282973,2
203,594.9041398,360.3,20,42,0,0,0,282.54748,0,0,0,0,7.3717,60,258.6014649,2
204,607.0764424,376.8,21,44,0,0,0,296.57406,0,0,0,0,7.3717,60,265.5238773,2
205,618.6714207,393.3,22,46,0,0,0,310.60064,0,0,0,0,7.3717,62,272.1278149,2
206,629.7413678,409.8,23,48,0,0,0,324.62722,0,0,0,0,7.3717,64,278.441297,2
207,640.331779,426.3,24,50,0,0,0,338.6538,0,0,0,0,7.3717,65,284.4888006,2
208,650.4824808,442.8,25,52,0,0,0,352.68038,0,0,0,0,7.3717,70,290.2918332,2
209,660.2285353,459.3,26,54,0,0,0,366.70696,0,0,0,0,7.3717,70,295.8693948,2
210,669.6009713,475.8,27,56,0,0,0,380.73354,0,0,0,0,7.3717,70,301.2383529,2
211,678.6273798,492.3,28,58,0,0,0,394.76012,0,0,0,0,7.3717,70,306.4137505,2
212,687.3324042,508.8,29,60,0,0,0,408.7867,0,0,0,0,7.3717,70,311.4090595,2
213,695.7381456,525.3,30,62,0,0,0,422.81328,0,0,0,0,7.3717,70,316.2363929,2
214,513.2009315,255.7,14,28,0,0,0,196.37212,0,0,0,0,0.3597,79.7,218.0505688,3
215,530.0394486,272.2,15,30,0,0,0,210.3987,0,0,0,0,0.3597,83,227.1618744,3
216,545.7927226,288.7,16,32,0,0,0,224.42528,0,0,0,0,0.3597,86.5,235.7293007,3
217,560.5922115,305.2,17,34,0,0,0,238.45186,0,0,0,0,0.3597,87,243.8141377,3
218,574.5468458,321.7,18,36,0,0,0,252.47844,0,0,0,0,0.3597,90,251.4678653,3
219,587.7478983,338.2,19,38,0,0,0,266.50502,0,0,0,0,0.3597,90,258.7341418,3
220,600.2726062,354.7,20,40,0,0,0,280.5316,0,0,0,0,0.3597,90,265.6503116,3
221,612.1869086,371.2,21,42,0,0,0,294.55818,0,0,0,0,0.3597,90,272.2485676,3
222,623.5475485,387.7,22,44,0,0,0,308.58476,0,0,0,0,0.3597,90,278.5568568,3
223,634.4037066,404.2,23,46,0,0,0,322.61134,0,0,0,0,0.3597,90,284.5995956,3
224,644.7982887,420.7,24,48,0,0,0,336.63792,0,0,0,0,0.3597,90,290.3982409,3
225,654.7689491,437.2,25,50,0,0,0,350.6645,0,0,0,0,0.3597,90,295.9717494,3
226,664.3489148,453.7,26,52,0,0,0,364.69108,0,0,0,0,0.3597,90,301.3369519,3
227,673.5676531,470.2,27,54,0,0,0,378.71766,0,0,0,0,0.3597,90,306.5088596,3
228,682.4514183,486.7,28,56,0,0,0,392.74424,0,0,0,0,0.3597,90,311.5009174,3
229,691.0237025,503.2,29,58,0,0,0,406.77082,0,0,0,0,0.3597,90,316.3252145,3
230,699.30561,519.7,30,60,0,0,0,420.7974,0,0,0,0,0.3597,90,320.9926605,3
231,521.5001127,256,14,28,0,0,0,196.37212,0,0,0,0,0.3597,79.7,224.8897262,3
232,537.7950088,272.5,15,30,0,0,0,210.3987,0,0,0,0,0.3597,83,233.5897601,3
233,553.071506,289,16,32,0,0,0,224.42528,0,0,0,0,0.3597,86.5,241.7925794,3
234,567.449447,305.5,17,34,0,0,0,238.45186,0,0,0,0,0.3597,87,249.5519573,3
235,581.0286906,322,18,36,0,0,0,252.47844,0,0,0,0,0.3597,90,256.9133893,3
236,593.8933219,338.5,19,38,0,0,0,266.50502,0,0,0,0,0.3597,90,263.9157099,3
237,606.1148089,355,20,40,0,0,0,280.5316,0,0,0,0,0.3597,90,270.5923322,3
238,617.7544071,371.5,21,42,0,0,0,294.55818,0,0,0,0,0.3597,90,276.9722129,3
239,628.8650171,388,22,44,0,0,0,308.58476,0,0,0,0,0.3597,90,283.0806104,3
240,639.4926381,404.5,23,46,0,0,0,322.61134,0,0,0,0,0.3597,90,288.9396897,3
241,649.6775185,421,24,48,0,0,0,336.63792,0,0,0,0,0.3597,90,294.5690074,3
242,659.4550764,437.5,25,50,0,0,0,350.6645,0,0,0,0,0.3597,90,299.9859056,3
243,668.8566427,454,26,52,0,0,0,364.69108,0,0,0,0,0.3597,90,305.205834,3
244,677.910067,470.5,27,54,0,0,0,378.71766,0,0,0,0,0.3597,90,310.2426161,3
245,686.6402148,487,28,56,0,0,0,392.74424,0,0,0,0,0.3597,90,315.1086691,3
246,695.0693792,503.5,29,58,0,0,0,406.77082,0,0,0,0,0.3597,90,319.8151888,3
247,529.5268323,256.3,14,28,0,0,0,196.37212,0,0,0,0,0.3597,79.7,231.4178523,3
248,545.3121222,272.8,15,30,0,0,0,210.3987,0,0,0,0,0.3597,83,239.7421494,3
249,560.1398631,289.3,16,32,0,0,0,224.42528,0,0,0,0,0.3597,86.5,247.6101359,3
250,574.1196121,305.8,17,34,0,0,0,238.45186,0,0,0,0,0.3597,87,255.0692494,3
251,587.3431373,322.3,18,36,0,0,0,252.47844,0,0,0,0,0.3597,90,262.1598944,3
252,599.8880719,338.8,19,38,0,0,0,266.50502,0,0,0,0,0.3597,90,268.9167673,3
253,611.8206757,355.3,20,40,0,0,0,280.5316,0,0,0,0,0.3597,90,275.3698832,3
254,623.197954,371.8,21,42,0,0,0,294.55818,0,0,0,0,0.3597,90,281.5453822,3
255,634.0693044,388.3,22,44,0,0,0,308.58476,0,0,0,0,0.3597,90,287.4661688,3
256,644.4778133,404.8,23,46,0,0,0,322.61134,0,0,0,0,0.3597,90,293.1524248,3
257,654.461287,421.3,24,48,0,0,0,336.63792,0,0,0,0,0.3597,90,298.6220246,3
258,664.0530808,437.8,25,50,0,0,0,350.6645,0,0,0,0,0.3597,90,303.890874,3
259,673.2827714,454.3,26,52,0,0,0,364.69108,0,0,0,0,0.3597,90,308.9731891,3
260,682.1767068,470.8,27,54,0,0,0,378.71766,0,0,0,0,0.3597,90,313.8817272,3
261,690.7584601,487.3,28,56,0,0,0,392.74424,0,0,0,0,0.3597,90,318.6279804,3
262,699.0492057,503.8,29,58,0,0,0,406.77082,0,0,0,0,0.3597,90,323.2223368,3
263,522.0298174,271.9,15,30,0,0,0,210.3987,0,0,0,0,0.3597,83,220.4326582,3
264,538.2905984,288.4,16,32,0,0,0,224.42528,0,0,0,0,0.3597,86.5,229.3986231,3
265,553.5371089,304.9,17,34,0,0,0,238.45186,0,0,0,0,0.3597,87,237.8374247,3
266,567.888485,321.4,18,36,0,0,0,252.47844,0,0,0,0,0.3597,90,245.807626,3
267,581.4440314,337.9,19,38,0,0,0,266.50502,0,0,0,0,0.3597,90,253.3585425,3
268,594.2873925,354.4,20,40,0,0,0,280.5316,0,0,0,0,0.3597,90,260.5320924,3
269,606.4896819,370.9,21,42,0,0,0,294.55818,0,0,0,0,0.3597,90,267.364206,3
270,618.111866,387.4,22,44,0,0,0,308.58476,0,0,0,0,0.3597,90,273.8859143,3
271,629.206608,403.9,23,46,0,0,0,322.61134,0,0,0,0,0.3597,90,280.1242011,3
272,639.8197099,420.4,24,48,0,0,0,336.63792,0,0,0,0,0.3597,90,286.102678,3
273,649.9912551,436.9,25,50,0,0,0,350.6645,0,0,0,0,0.3597,90,291.8421234,3
274,659.7565226,453.4,26,52,0,0,0,364.69108,0,0,0,0,0.3597,90,297.3609185,3
275,669.1467251,469.9,27,54,0,0,0,378.71766,0,0,0,0,0.3597,90,302.6754028,3
276,678.1896113,486.4,28,56,0,0,0,392.74424,0,0,0,0,0.3597,90,307.8001654,3
277,686.9099598,502.9,29,58,0,0,0,406.77082,0,0,0,0,0.3597,90,312.7482863,3
278,695.3299887,519.4,30,60,0,0,0,420.7974,0,0,0,0,0.3597,90,317.531538,3
279,513.742921,225.5,13,26,0,0,0,182.34554,0,1,0,1,0.0727,83.7,232.7862334,4
280,530.5454077,242,14,28,0,0,0,196.37212,0,1,0,1,0.0727,90,241.033793,4
281,546.267143,258.5,15,30,0,0,0,210.3987,0,1,0,1,0.0727,90,248.8331917,4
282,561.0387946,275,16,32,0,0,0,224.42528,0,1,0,1,0.0727,90,256.2306344,4
283,574.9686772,291.5,17,34,0,0,0,238.45186,0,1,0,1,0.0727,90,263.2655294,4
284,588.1475777,308,18,36,0,0,0,252.47844,0,1,0,1,0.0727,90,269.9717595,4
285,600.652344,324.5,19,38,0,0,0,266.50502,0,1,0,1,0.0727,90,276.3786687,4
286,612.5486003,341,20,40,0,0,0,280.5316,0,1,0,1,0.0727,90,282.5118387,4
287,623.8928314,357.5,21,42,0,0,0,294.55818,0,1,0,1,0.0727,90,288.3937055,4
288,634.7340049,374,22,44,0,0,0,308.58476,0,1,0,1,0.0727,90,294.0440551,4
289,645.1148489,390.5,23,46,0,0,0,322.61134,0,1,0,1,0.0727,90,299.4804249,4
290,655.0728684,407,24,48,0,0,0,336.63792,0,1,0,1,0.0727,90,304.7184322,4
291,664.6411641,423.5,25,50,0,0,0,350.6645,0,1,0,1,0.0727,90,309.7720446,4
292,673.8490954,440,26,52,0,0,0,364.69108,0,1,0,1,0.0727,90,314.6538043,4
293,682.7228243,456.5,27,54,0,0,0,378.71766,0,1,0,1,0.0727,90,319.3750161,4
294,691.2857633,473,28,56,0,0,0,392.74424,0,1,0,1,0.0727,90,323.9459045,4
295,699.5589479,489.5,29,58,0,0,0,406.77082,0,1,0,1,0.0727,90,328.3757475,4
296,517.4593916,224.9,13,26,0,0,0,182.34554,0,1,0,1,0.0727,78.5,238.5560238,4
297,534.0168134,241.4,14,28,0,0,0,196.37212,0,1,0,1,0.0727,83.7,246.4875114,4
298,549.5238043,257.9,15,30,0,0,0,210.3987,0,1,0,1,0.0727,90,254.0036724,4
299,564.1057325,274.4,16,32,0,0,0,224.42528,0,1,0,1,0.0727,90,261.1458473,4
300,577.8667805,290.9,17,34,0,0,0,238.45186,0,1,0,1,0.0727,90,267.9494962,4
301,590.8944653,307.4,18,36,0,0,0,252.47844,0,1,0,1,0.0727,90,274.445263,4
302,603.2630137,323.9,19,38,0,0,0,266.50502,0,1,0,1,0.0727,90,280.6598104,4
303,615.0359238,340.4,20,40,0,0,0,280.5316,0,1,0,1,0.0727,90,286.6164808,4
304,626.2679385,356.9,21,42,0,0,0,294.55818,0,1,0,1,0.0727,90,292.3358258,4
305,637.006584,373.4,22,44,0,0,0,308.58476,0,1,0,1,0.0727,90,297.8360341,4
306,647.2933855,389.9,23,46,0,0,0,322.61134,0,1,0,1,0.0727,90,303.1332804,4
307,657.1648366,406.4,24,48,0,0,0,336.63792,0,1,0,1,0.0727,90,308.2420119,4
308,666.6531807,422.9,25,50,0,0,0,350.6645,0,1,0,1,0.0727,90,313.1751863,4
309,675.7870469,439.4,26,52,0,0,0,364.69108,0,1,0,1,0.0727,90,317.9444697,4
310,684.5919699,455.9,27,54,0,0,0,378.71766,0,1,0,1,0.0727,90,322.5604024,4
311,693.0908214,472.4,28,56,0,0,0,392.74424,0,1,0,1,0.0727,90,327.0325395,4
312,701.3041675,488.9,29,58,0,0,0,406.77082,0,1,0,1,0.0727,90,331.3695702,4
313,476.1143381,170.3,11,20,0,0,0,152.2765,0,2,0,2,0.0727,40,231.7583146,4
314,495.6034313,186.8,12,22,0,0,0,166.30308,0,2,0,2,0.0727,35,240.0634544,4
315,513.6531715,203.3,13,24,0,0,0,180.32966,0,2,0,2,0.0727,35,247.9143245,4
316,530.4616194,219.8,14,26,0,0,0,194.35624,0,2,0,2,0.0727,30.6,255.3580531,4
317,546.1885734,236.3,15,28,0,0,0,208.38282,0,2,0,2,0.0727,30.6,262.4347946,4
318,560.9648317,252.8,16,30,0,0,0,222.4094,0,2,0,2,0.0727,30.6,269.1790411,4
319,574.8988107,269.3,17,32,0,0,0,236.43598,0,2,0,2,0.0727,30.6,275.6206395,4
320,588.0813776,285.8,18,34,0,0,0,250.46256,0,2,0,2,0.0727,30.6,281.7855901,4
321,600.5894448,302.3,19,36,0,0,0,264.48914,0,2,0,2,0.0727,30.6,287.6966798,4
322,612.4886884,318.8,20,38,0,0,0,278.51572,0,2,0,2,0.0727,30.6,293.3739915,4
323,623.8356358,335.3,21,40,0,0,0,292.5423,0,2,0,2,0.0727,30.6,298.8353153,4
324,634.6792902,351.8,22,42,0,0,0,306.56888,0,2,0,2,0.0727,30.6,304.0964846,4
325,645.0624087,368.3,23,44,0,0,0,320.59546,0,2,0,2,0.0727,30.6,309.1716534,4
326,655.0225212,384.8,24,46,0,0,0,334.62204,0,2,0,2,0.0727,30.6,314.0735254,4
327,664.5927491,401.3,25,48,0,0,0,348.64862,0,2,0,2,0.0727,30.6,318.8135457,4
328,673.8024699,417.8,26,50,0,0,0,362.6752,0,2,0,2,0.0727,30.6,323.4020616,4
329,682.6778607,434.3,27,52,0,0,0,376.70178,0,2,0,2,0.0727,30.6,327.8484589,4
330,691.2423473,450.8,28,54,0,0,0,390.72836,0,2,0,2,0.0727,30.6,332.1612774,4
331,699.5169763,467.3,29,56,0,0,0,404.75494,0,2,0,2,0.0727,30.6,336.3483095,4
332,542.8072198,214.7,15,26,0,0,0,206.36694,0,3,0,3,0.0727,40,270.3981454,4
333,557.7830593,231.2,16,28,0,0,0,220.39352,0,3,0,3,0.0727,35,276.7864717,4
334,571.8943722,247.7,17,30,0,0,0,234.4201,0,3,0,3,0.0727,35,282.9026109,4
335,585.2355492,264.2,18,32,0,0,0,248.44668,0,3,0,3,0.0727,30.6,288.7688123,4
336,597.8863194,280.7,19,34,0,0,0,262.47326,0,3,0,3,0.0727,30.6,294.4047041,4
337,609.9146376,297.2,20,36,0,0,0,276.49984,0,3,0,3,0.0727,30.6,299.8276893,4
338,621.3788948,313.7,21,38,0,0,0,290.52642,0,3,0,3,0.0727,30.6,305.0532699,4
339,632.3296322,330.2,22,40,0,0,0,304.553,0,3,0,3,0.0727,30.6,310.0953142,4
340,642.8108887,346.7,23,42,0,0,0,318.57958,0,3,0,3,0.0727,30.6,314.9662785,4
341,652.86127,363.2,24,44,0,0,0,332.60616,0,3,0,3,0.0727,30.6,319.6773925,4
342,662.5148075,379.7,25,46,0,0,0,346.63274,0,3,0,3,0.0727,30.6,324.2388154,4
343,671.8016535,396.2,26,48,0,0,0,360.65932,0,3,0,3,0.0727,30.6,328.6597675,4
344,680.7486493,412.7,27,50,0,0,0,374.6859,0,3,0,3,0.0727,30.6,332.9486426,4
345,689.3797926,429.2,28,52,0,0,0,388.71248,0,3,0,3,0.0727,30.6,337.1131041,4
346,697.7166261,445.7,29,54,0,0,0,402.73906,0,3,0,3,0.0727,30.6,341.160167,4
347,520.0586135,205,13,20,0,0,0,176.2979,1,0,0,1,3.1967,37.5,236.62158,5
348,536.4466987,221.5,14,22,0,0,0,190.32448,1,0,0,1,3.1967,39.2,244.6577022,5
349,551.8050678,238,15,24,0,0,0,204.35106,1,0,0,1,3.1967,50.1,252.267759,5
350,566.255507,254.5,16,26,0,0,0,218.37764,1,0,0,1,3.1967,56.8,259.4946636,5
351,579.8993978,271,17,28,0,0,0,232.40422,1,0,0,1,3.1967,56.3,266.3751557,5
352,592.8220351,287.5,18,30,0,0,0,246.4308,1,0,0,1,3.1967,62.8,272.9409314,5
353,605.0958603,304,19,32,0,0,0,260.45738,1,0,0,1,3.1967,50.5,279.2195263,5
354,616.7829209,320.5,20,34,0,0,0,274.48396,1,0,0,1,3.1967,40,285.2350132,5
355,627.9367685,337,21,36,0,0,0,288.51054,1,0,0,1,3.1967,40,291.0085595,5
356,638.6039423,353.5,22,38,0,0,0,302.53712,1,0,0,1,3.1967,40,296.5588764,5
357,648.8251426,370,23,40,0,0,0,316.5637,1,0,0,1,3.1967,40,301.9025854,5
358,658.6361682,386.5,24,42,0,0,0,330.59028,1,0,0,1,3.1967,40,307.0545177,5
359,668.0686734,403,25,44,0,0,0,344.61686,1,0,0,1,3.1967,40,312.0279628,5
360,677.1507839,419.5,26,46,0,0,0,358.64344,1,0,0,1,3.1967,40,316.8348751,5
361,685.9076026,436,27,48,0,0,0,372.67002,1,0,0,1,3.1967,40,321.4860466,5
362,694.3616279,452.5,28,50,0,0,0,386.6966,1,0,0,1,3.1967,40,325.9912532,5
363,702.5331016,469,29,52,0,0,0,400.72318,1,0,0,1,3.1967,40,330.3593783,5
364,503.3930873,156.4,11,14,0,0,0,146.22886,1,1,0,2,3.1967,6.7,293.8680256,5
365,519.7406903,173.7,12,16,0,0,0,160.25544,1,1,0,2,3.1967,3.5,286.157467,5
366,536.1493976,190.2,13,18,0,0,0,174.28202,1,1,0,2,3.1967,7.9,291.8947657,5
367,551.5258765,206.7,14,20,0,0,0,188.3086,1,1,0,2,3.1967,8,297.411576,5
368,565.9923459,223.2,15,22,0,0,0,202.33518,1,1,0,2,3.1967,9,302.7242198,5
369,579.650526,239.7,16,24,0,0,0,216.36176,1,1,0,2,3.1967,12,307.8472708,5
370,592.5859808,256.2,17,26,0,0,0,230.38834,1,1,0,2,3.1967,15,312.7937962,5
371,604.8713678,272.7,18,28,0,0,0,244.41492,1,1,0,2,3.1967,17.9,317.5755568,5
372,616.5689106,289.2,19,30,0,0,0,258.4415,1,1,0,2,3.1967,18,322.2031763,5
373,627.7323052,305.7,20,32,0,0,0,272.46808,1,1,0,2,3.1967,20,326.6862825,5
374,638.4082106,322.2,21,34,0,0,0,286.49466,1,1,0,2,3.1967,21,331.0336287,5
375,648.6374272,338.7,22,36,0,0,0,300.52124,1,1,0,2,3.1967,22,335.2531961,5
376,658.4558384,355.2,23,38,0,0,0,314.54782,1,1,0,2,3.1967,23,339.3522822,5
377,667.89517,371.7,24,40,0,0,0,328.5744,1,1,0,2,3.1967,24,343.3375765,5
378,676.9836089,388.2,25,42,0,0,0,342.60098,1,1,0,2,3.1967,25,347.2152266,5
379,685.7463106,404.7,26,44,0,0,0,356.62756,1,1,0,2,3.1967,25,350.990895,5
380,694.2058188,421.2,27,46,0,0,0,370.65414,1,1,0,2,3.1967,25,354.6698086,5
381,702.3824151,437.7,28,48,0,0,0,384.68072,1,1,0,2,3.1967,25,358.2568026,5
382,580.3075467,207.6,15,20,0,0,0,200.3193,1,2,0,3,3.1967,6.7,349.1545841,5
383,592.3496984,224.9,16,22,0,0,0,214.34588,1,2,0,3,3.1967,3.5,343.9536759,5
384,604.6466691,241.4,17,24,0,0,0,228.37246,1,2,0,3,3.1967,7.9,347.8149429,5
385,616.3547129,257.9,18,26,0,0,0,242.39904,1,2,0,3,3.1967,8,351.5750769,5
386,627.5276708,274.4,19,28,0,0,0,256.42562,1,2,0,3,3.1967,9,355.2392406,5
387,638.212322,290.9,20,30,0,0,0,270.4522,1,2,0,3,3.1967,12,358.8122113,5
388,648.4495676,307.4,21,32,0,0,0,284.47878,1,2,0,3,3.1967,15,362.298418,5
389,658.2753754,323.9,22,34,0,0,0,298.50536,1,2,0,3,3.1967,17.9,365.701975,5
390,667.7215433,340.4,23,36,0,0,0,312.53194,1,2,0,3,3.1967,18,369.0267106,5
391,676.8163195,356.9,24,38,0,0,0,326.55852,1,2,0,3,3.1967,20,372.276193,5
392,685.5849121,373.4,25,40,0,0,0,340.5851,1,2,0,3,3.1967,21,375.4537536,5
393,694.0499105,389.9,26,42,0,0,0,354.61168,1,2,0,3,3.1967,22,378.5625073,5
394,702.2316357,406.4,27,44,0,0,0,368.63826,1,2,0,3,3.1967,23,381.6053709,5
395,527.0948217,142.8,11,10,0,0,0,142.1971,2,0,0,2,3.1967,0,316.431411,5
396,541.9771772,160.1,12,12,0,0,0,156.22368,2,0,0,2,3.1967,5,309.8682726,5
397,557.0024073,176.6,13,14,0,0,0,170.25026,2,0,0,2,3.1967,10,314.7468164,5
398,571.1575632,193.1,14,16,0,0,0,184.27684,2,0,0,2,3.1967,14,319.4650202,5
399,584.5379204,209.6,15,18,0,0,0,198.30342,2,0,0,2,3.1967,16,324.0330892,5
400,597.2239143,226.1,16,20,0,0,0,212.33,2,0,0,2,3.1967,16.5,328.460284,5
401,609.2840703,242.6,17,22,0,0,0,226.35658,2,0,0,2,3.1967,17,332.7550341,5
402,620.777245,259.1,18,24,0,0,0,240.38316,2,0,0,2,3.1967,17.5,336.9250344,5
403,631.7543641,275.6,19,26,0,0,0,254.40974,2,0,0,2,3.1967,18,340.9773281,5
404,642.2597858,292.1,20,28,0,0,0,268.43632,2,0,0,2,3.1967,18.5,344.918378,5
405,652.3323839,308.6,21,30,0,0,0,282.4629,2,0,0,2,3.1967,19,348.7541292,5
406,662.0064163,325.1,22,32,0,0,0,296.48948,2,0,0,2,3.1967,19.5,352.4900622,5
407,671.3122282,341.6,23,34,0,0,0,310.51606,2,0,0,2,3.1967,20,356.1312409,5
408,680.2768256,358.1,24,36,0,0,0,324.54264,2,0,0,2,3.1967,20,359.682353,5
409,688.9243485,374.6,25,38,0,0,0,338.56922,2,0,0,2,3.1967,20,363.1477469,5
410,697.2764625,391.1,26,40,0,0,0,352.5958,2,0,0,2,3.1967,20,366.5314635,5
411,597.8354288,194,15,16,0,0,0,196.28754,2,1,0,3,3.1967,6.7,364.8846262,5
412,609.0633921,211.3,16,18,0,0,0,210.31412,2,1,0,3,3.1967,3.5,360.2322847,5
413,620.5667039,227.8,17,20,0,0,0,224.3407,2,1,0,3,3.1967,7.9,363.6845882,5
414,631.5530696,244.3,18,22,0,0,0,238.36728,2,1,0,3,3.1967,8,367.055823,5
415,642.0669599,260.8,19,24,0,0,0,252.39386,2,1,0,3,3.1967,9,370.3497094,5
416,652.1473428,277.3,20,26,0,0,0,266.42044,2,1,0,3,3.1967,12,373.5697173,5
417,661.8285559,293.8,21,28,0,0,0,280.44702,2,1,0,3,3.1967,15,376.7190879,5
418,671.1410119,310.3,22,30,0,0,0,294.4736,2,1,0,3,3.1967,17.9,379.8008542,5
419,680.1117749,326.8,23,32,0,0,0,308.50018,2,1,0,3,3.1967,18,382.8178576,5
420,688.7650348,343.3,24,34,0,0,0,322.52676,2,1,0,3,3.1967,20,385.7727641,5
421,697.1225004,359.8,25,36,0,0,0,336.55334,2,1,0,3,3.1967,21,388.6680785,5
422,652.6359552,245.2,19,22,0,0,0,250.37798,2,2,0,4,3.1967,6.7,401.0468669,5
423,661.650566,262.5,20,24,0,0,0,264.40456,2,2,0,4,3.1967,3.5,397.4435417,5
424,670.9696756,279,21,26,0,0,0,278.43114,2,2,0,4,3.1967,7.9,400.114899,5
425,679.9466127,295.5,22,28,0,0,0,292.45772,2,2,0,4,3.1967,8,402.7374581,5
426,688.6056173,312,23,30,0,0,0,306.4843,2,2,0,4,3.1967,9,405.3129699,5
427,696.9684413,328.5,24,32,0,0,0,320.51088,2,2,0,4,3.1967,12,407.8430926,5
428,614.1904515,180.4,15,12,0,0,0,192.25578,3,0,0,3,3.1967,0,379.0601528,5
429,624.7073669,197.7,16,14,0,0,0,206.28236,3,0,0,3,3.1967,5,374.8516913,5
430,635.5132714,214.2,17,16,0,0,0,220.30894,3,0,0,3,3.1967,10,377.9733679,5
431,645.8617738,230.7,18,18,0,0,0,234.33552,3,0,0,3,3.1967,14,381.0286113,5
432,655.7900293,247.2,19,20,0,0,0,248.3621,3,0,0,3,3.1967,16,384.0201903,5
433,665.3308421,263.7,20,22,0,0,0,262.38868,3,0,0,3,3.1967,16.5,386.950704,5
434,674.5133193,280.2,21,24,0,0,0,276.41526,3,0,0,3,3.1967,17,389.8225957,5
435,683.363406,296.7,22,26,0,0,0,290.44184,3,0,0,3,3.1967,17.5,392.6381648,5
436,691.9043281,313.2,23,28,0,0,0,304.46842,3,0,0,3,3.1967,18,395.3995779,5
437,700.1569588,329.7,24,30,0,0,0,318.495,3,0,0,3,3.1967,18.5,398.1088793,5
438,515.0019186,206.3,11,24,1,0,0,188.37326,0,0,0,0,3.1967,11.7,238.3541958,0
439,531.7209968,222.8,12,26,1,0,0,202.39984,0,0,0,0,3.1967,11.7,246.2965382,0
440,547.3696886,239.3,13,28,1,0,0,216.42642,0,0,0,0,3.1967,11.7,253.8224458,0
441,562.0768425,255.8,14,30,1,0,0,230.453,0,0,0,0,3.1967,11.7,260.9734209,0
442,575.9493565,272.3,15,32,1,0,0,244.47958,0,0,0,0,3.1967,11.7,267.7850549,0
443,589.0768974,288.8,16,34,1,0,0,258.50616,0,0,0,0,3.1967,11.7,274.2880999,0
444,601.535416,305.3,17,36,1,0,0,272.53274,0,0,0,0,3.1967,11.7,280.5093085,0
445,613.3898093,321.8,18,38,1,0,0,286.55932,0,0,0,0,3.1967,11.7,286.4720985,0
446,624.6959669,338.3,19,40,1,0,0,300.5859,0,0,0,0,3.1967,11.7,292.1970849,0
447,635.5023642,354.8,20,42,1,0,0,314.61248,0,0,0,0,3.1967,11.7,297.7025103,0
448,645.8513186,371.3,21,44,1,0,0,328.63906,0,0,0,0,3.1967,11.7,303.0045955,0
449,655.7799902,387.8,22,46,1,0,0,342.66564,0,0,0,0,3.1967,11.7,308.1178275,0
450,665.3211872,404.3,23,48,1,0,0,356.69222,0,0,0,0,3.1967,11.7,313.0551983,0
451,674.5040202,420.8,24,50,1,0,0,370.7188,0,0,0,0,3.1967,11.7,317.8284036,0
452,683.3544375,437.3,25,52,1,0,0,384.74538,0,0,0,0,3.1967,11.7,322.44801,0
453,691.8956675,453.8,26,54,1,0,0,398.77196,0,0,0,0,3.1967,11.7,326.9235955,0
454,700.1485856,470.3,27,56,1,0,0,412.79854,0,0,0,0,3.1967,11.7,331.2638692,0
455,513.6172624,189.2,10,20,1,0,0,172.3308,0,1,0,1,3.1967,16.5,247.0614806,0
456,530.428096,205.7,11,22,1,0,0,186.35738,0,1,0,1,3.1967,17,254.5484217,0
457,546.1571385,222.2,12,24,1,0,0,200.38396,0,1,0,1,3.1967,17.5,261.6642079,0
458,560.9352402,238.7,13,26,1,0,0,214.41054,0,1,0,1,3.1967,18,268.4439064,0
459,574.8708585,255.2,14,28,1,0,0,228.43712,0,1,0,1,3.1967,18.5,274.9178384,0
460,588.0548926,271.7,15,30,1,0,0,242.4637,0,1,0,1,3.1967,19,281.1123979,0
461,600.5642806,288.2,16,32,1,0,0,256.49028,0,1,0,1,3.1967,19.5,287.0507027,0
462,612.4647195,304.7,17,34,1,0,0,270.51686,0,1,0,1,3.1967,20,292.7531145,0
463,623.8127539,321.2,18,36,1,0,0,284.54344,0,1,0,1,3.1967,20,298.2376607,0
464,634.6574009,337.7,19,38,1,0,0,298.57002,0,1,0,1,3.1967,20,303.520378,0
465,645.0414294,354.2,20,40,1,0,0,312.5966,0,1,0,1,3.1967,20,308.615595,0
466,655.0023794,370.7,21,42,1,0,0,326.62318,0,1,0,1,3.1967,20,313.5361668,0
467,664.5733804,387.2,22,44,1,0,0,340.64976,0,1,0,1,3.1967,20,318.29367,0
468,673.7838172,403.7,23,46,1,0,0,354.67634,0,1,0,1,3.1967,20,322.8985672,0
469,682.6598729,420.2,24,48,1,0,0,368.70292,0,1,0,1,3.1967,20,327.3603449,0
470,691.2249787,436.7,25,50,1,0,0,382.7295,0,1,0,1,3.1967,20,331.687632,0
471,699.5001857,453.2,26,52,1,0,0,396.75608,0,1,0,1,3.1967,20,335.8882996,0
472,491.398954,151.1,9,16,1,0,0,156.28834,0,2,0,2,3.1967,0,248.482629,0
473,509.750283,167.6,10,18,1,0,0,170.31492,0,2,0,2,3.1967,5,255.8976973,0
474,526.8199487,184.1,11,20,1,0,0,184.3415,0,2,0,2,3.1967,10,262.9485304,0
475,542.7753472,200.6,12,22,1,0,0,198.36808,0,2,0,2,3.1967,14,269.6692424,0
476,557.7530803,217.1,13,24,1,0,0,212.39466,0,2,0,2,3.1967,16,276.0893681,0
477,571.8660744,233.6,14,26,1,0,0,226.42124,0,2,0,2,3.1967,16.5,282.2346482,0
478,585.2087541,250.1,15,28,1,0,0,240.44782,0,2,0,2,3.1967,17,288.1276519,0
479,597.8608754,266.6,16,30,1,0,0,254.4744,0,2,0,2,3.1967,17.5,293.788278,0
480,609.8904151,283.1,17,32,1,0,0,268.50098,0,2,0,2,3.1967,18,299.23416,0
481,621.3557818,299.6,18,34,1,0,0,282.52756,0,2,0,2,3.1967,18.5,304.4809974,0
482,632.3075316,316.1,19,36,1,0,0,296.55414,0,2,0,2,3.1967,19,309.5428285,0
483,642.7897154,332.6,20,38,1,0,0,310.58072,0,2,0,2,3.1967,19.5,314.4322571,0
484,652.8409494,349.1,21,40,1,0,0,324.6073,0,2,0,2,3.1967,20,319.1606411,0
485,662.4952735,365.6,22,42,1,0,0,338.63388,0,2,0,2,3.1967,20,323.738252,0
486,671.7828475,382.1,23,44,1,0,0,352.66046,0,2,0,2,3.1967,20,328.1744087,0
487,680.730519,398.6,24,46,1,0,0,366.68704,0,2,0,2,3.1967,20,332.477592,0
488,689.3622912,415.1,25,48,1,0,0,380.71362,0,2,0,2,3.1967,20,336.6555421,0
489,697.6997114,431.6,26,50,1,0,0,394.7402,0,2,0,2,3.1967,20,340.7153427,0
490,514.8620189,176.7,10,16,1,0,0,168.29904,1,0,1,1,3.1967,16.5,239.8043065,0
491,531.5903456,193.2,11,18,1,0,0,182.32562,1,0,1,1,3.1967,17,247.6689789,0
492,547.247139,209.7,12,20,1,0,0,196.3522,1,0,1,1,3.1967,17.5,255.1251139,0
493,561.9614484,226.2,13,22,1,0,0,210.37878,1,0,1,1,3.1967,18,262.2130674,0
494,575.8403284,242.7,14,24,1,0,0,224.40536,1,0,1,1,3.1967,18.5,268.9674962,0
495,588.9735696,259.2,15,26,1,0,0,238.43194,1,0,1,1,3.1967,19,275.4183829,0
496,601.437222,275.7,16,28,1,0,0,252.45852,1,0,1,1,3.1967,19.5,281.5918403,0
497,613.2962632,292.2,17,30,1,0,0,266.4851,1,0,1,1,3.1967,20,287.5107502,0
498,624.6066486,308.7,18,32,1,0,0,280.51168,1,0,1,1,3.1967,20,293.1952753,0
499,635.4169081,325.2,19,34,1,0,0,294.53826,1,0,1,1,3.1967,20,298.6632736,0
500,645.7694044,341.7,20,36,1,0,0,308.56484,1,0,1,1,3.1967,20,303.9306369,0
501,655.701336,358.2,21,38,1,0,0,322.59142,1,0,1,1,3.1967,20,309.0115691,0
502,665.2455435,374.7,22,40,1,0,0,336.618,1,0,1,1,3.1967,20,313.9188175,0
503,674.4311651,391.2,23,42,1,0,0,350.64458,1,0,1,1,3.1967,20,318.6638646,0
504,683.2841726,407.7,24,44,1,0,0,364.67116,1,0,1,1,3.1967,20,323.2570911,0
505,691.827815,424.2,25,46,1,0,0,378.69774,1,0,1,1,3.1967,20,327.7079115,0
506,700.0829854,440.7,26,48,1,0,0,392.72432,1,0,1,1,3.1967,20,332.0248912,0
507,517.1085682,137.2,9,10,1,0,0,150.2407,1,1,0,2,3.1967,0,304.9383111,0
508,532.5920715,154.5,10,12,1,0,0,164.26728,1,1,0,2,3.1967,5,297.8143901,0
509,548.1868524,171,11,14,1,0,0,178.29386,1,1,0,2,3.1967,10,303.1124204,0
510,562.8463795,187.5,12,16,1,0,0,192.32044,1,1,0,2,3.1967,14,308.2218812,0
511,576.6765127,204,13,18,1,0,0,206.34702,1,1,0,2,3.1967,16,313.1557356,0
512,589.7660972,220.5,14,20,1,0,0,220.3736,1,1,0,2,3.1967,16.5,317.9256545,0
513,602.1904253,237,15,22,1,0,0,234.40018,1,1,0,2,3.1967,17,322.5421826,0
514,614.0138601,253.5,16,24,1,0,0,248.42676,1,1,0,2,3.1967,17.5,327.0148785,0
515,625.2918537,270,17,26,1,0,0,262.45334,1,1,0,2,3.1967,18,331.3524348,0
516,636.0725193,286.5,18,28,1,0,0,276.47992,1,1,0,2,3.1967,18.5,335.5627787,0
517,646.3978722,303,19,30,1,0,0,290.5065,1,1,0,2,3.1967,19,339.65316,0
518,656.3048187,319.5,20,32,1,0,0,304.53308,1,1,0,2,3.1967,19.5,343.6302256,0
519,665.8259517,336,21,34,1,0,0,318.55966,1,1,0,2,3.1967,20,347.5000852,0
520,674.9901982,352.5,22,36,1,0,0,332.58624,1,1,0,2,3.1967,20,351.268367,0
521,683.8233493,369,23,38,1,0,0,346.61282,1,1,0,2,3.1967,20,354.9402675,0
522,692.3484973,385.5,24,40,1,0,0,360.6394,1,1,0,2,3.1967,20,358.5205942,0
523,700.5864,402,25,42,1,0,0,374.66598,1,1,0,2,3.1967,20,362.0138037,0
524,538.3068302,131,9,8,1,0,0,148.22482,2,0,1,2,3.1967,0,322.8713009,0
525,552.5412174,148.3,10,10,1,0,0,162.2514,2,0,1,2,3.1967,5,316.6024284,0
526,566.9494721,164.8,11,12,1,0,0,176.27798,2,0,1,2,3.1967,10,321.2610154,0
527,580.555751,181.3,12,14,1,0,0,190.30456,2,0,1,2,3.1967,14,325.7731791,0
528,593.4446439,197.8,13,16,1,0,0,204.33114,2,0,1,2,3.1967,16,330.147844,0
529,605.6880247,214.3,14,18,1,0,0,218.35772,2,0,1,2,3.1967,16.5,334.393143,0
530,617.3474795,230.8,15,20,1,0,0,232.3843,2,0,1,2,3.1967,17,338.5165078,0
531,628.4761805,247.3,16,22,1,0,0,246.41088,2,0,1,2,3.1967,17.5,342.5247477,0
532,639.1203524,263.8,17,24,1,0,0,260.43746,2,0,1,2,3.1967,18,346.4241173,0
533,649.3204322,280.3,18,26,1,0,0,274.46404,2,0,1,2,3.1967,18.5,350.2203745,0
534,659.1119971,296.8,19,28,1,0,0,288.49062,2,0,1,2,3.1967,19,353.9188325,0
535,668.526513,313.3,20,30,1,0,0,302.5172,2,0,1,2,3.1967,19.5,357.5244039,0
536,677.591945,329.8,21,32,1,0,0,316.54378,2,0,1,2,3.1967,20,361.0416405,0
537,686.3332575,346.3,22,34,1,0,0,330.57036,2,0,1,2,3.1967,20,364.4747671,0
538,694.7728296,362.8,23,36,1,0,0,344.59694,2,0,1,2,3.1967,20,367.8277128,0
539,702.9307995,379.3,24,38,1,0,0,358.62352,2,0,1,2,3.1967,20,371.1041376,0
540,606.2787585,182.2,13,14,1,0,0,202.31526,2,1,1,3,3.1967,0,369.5092128,0
541,617.133963,199.5,14,16,1,0,0,216.34184,2,1,1,3,3.1967,5,365.0066783,0
542,628.2721679,216,15,18,1,0,0,230.36842,2,1,1,3,3.1967,10,368.3473679,0
543,638.9250338,232.5,16,20,1,0,0,244.395,2,1,1,3,3.1967,14,371.6120887,0
544,649.1330968,249,17,22,1,0,0,258.42158,2,1,1,3,3.1967,16,374.8042189,0
545,658.932018,265.5,18,24,1,0,0,272.44816,2,1,1,3,3.1967,16.5,377.9269167,0
546,668.3533343,282,19,26,1,0,0,286.47474,2,1,1,3,3.1967,17,380.9831384,0
547,677.4250714,298.5,20,28,1,0,0,300.50132,2,1,1,3,3.1967,17.5,383.9756552,0
548,686.1722461,315,21,30,1,0,0,314.5279,2,1,1,3,3.1967,18,386.9070689,0
549,694.6172825,331.5,22,32,1,0,0,328.55448,2,1,1,3,3.1967,18.5,389.7798249,0
550,702.780358,348,23,34,1,0,0,342.58106,2,1,1,3,3.1967,19,392.5962247,0
551,622.0962373,168.6,13,10,1,0,0,198.2835,3,0,1,3,3.1967,0,383.2562354,0
552,632.2854289,185.9,14,12,1,0,0,212.31008,3,0,1,3,3.1967,5,379.1707343,0
553,642.7685402,202.4,15,14,1,0,0,226.33666,3,0,1,3,3.1967,10,382.2008691,0
554,652.820627,218.9,16,16,1,0,0,240.36324,3,0,1,3,3.1967,14,385.1683709,0
555,662.475738,235.4,17,18,1,0,0,254.38982,3,0,1,3,3.1967,16,388.0757766,0
556,671.7640402,251.9,18,20,1,0,0,268.4164,3,0,1,3,3.1967,16.5,390.925472,0
557,680.7123874,268.4,19,22,1,0,0,282.44298,3,0,1,3,3.1967,17,393.7197037,0
558,689.3447886,284.9,20,24,1,0,0,296.46956,3,0,1,3,3.1967,17.5,396.4605895,0
559,697.6827955,301.4,21,26,1,0,0,310.49614,3,0,1,3,3.1967,18,399.1501281,0
560,622.0962373,168.6,13,10,1,0,0,198.2835,3,0,1,3,3.1967,0,383.2562354,0
561,632.2854289,185.9,14,12,1,0,0,212.31008,3,0,1,3,3.1967,5,379.1707343,0
562,642.7685402,202.4,15,14,1,0,0,226.33666,3,0,1,3,3.1967,10,382.2008691,0
563,652.820627,218.9,16,16,1,0,0,240.36324,3,0,1,3,3.1967,14,385.1683709,0
564,662.475738,235.4,17,18,1,0,0,254.38982,3,0,1,3,3.1967,16,388.0757766,0
565,671.7640402,251.9,18,20,1,0,0,268.4164,3,0,1,3,3.1967,16.5,390.925472,0
566,680.7123874,268.4,19,22,1,0,0,282.44298,3,0,1,3,3.1967,17,393.7197037,0
567,689.3447886,284.9,20,24,1,0,0,296.46956,3,0,1,3,3.1967,17.5,396.4605895,0
568,697.6827955,301.4,21,26,1,0,0,310.49614,3,0,1,3,3.1967,18,399.1501281,0
569,527.793364,184.7,11,19,0,1,0,165.27526,0,1,0,1,3.1967,17,295.3565243,0
570,543.6873869,201.2,12,21,0,1,0,179.30184,0,1,0,1,3.1967,17.5,300.74434,0
571,558.611025,217.7,13,23,0,1,0,193.32842,0,1,0,1,3.1967,18,305.9372575,0
572,572.6759819,234.2,14,25,0,1,0,207.355,0,1,0,1,3.1967,18.5,310.9488864,0
573,585.9757184,250.7,15,27,0,1,0,221.38158,0,1,0,1,3.1967,19,315.7914587,0
574,598.5892212,267.2,16,29,0,1,0,235.40816,0,1,0,1,3.1967,19.5,320.4760088,0
575,610.5838449,283.7,17,31,0,1,0,249.43474,0,1,0,1,3.1967,20,325.0125246,0
576,622.0174902,300.2,18,33,0,1,0,263.46132,0,1,0,1,3.1967,20,329.4100762,0
577,632.9402938,316.7,19,35,0,1,0,277.4879,0,1,0,1,3.1967,20,333.6769248,0
578,643.3959579,333.2,20,37,0,1,0,291.51448,0,1,0,1,3.1967,20,337.8206162,0
579,653.4228056,349.7,21,39,0,1,0,305.54106,0,1,0,1,3.1967,20,341.8480607,0
580,663.0546295,366.2,22,41,0,1,0,319.56764,0,1,0,1,3.1967,20,345.7656034,0
581,672.3213786,382.7,23,43,0,1,0,333.59422,0,1,0,1,3.1967,20,349.5790831,0
582,681.2497202,399.2,24,45,0,1,0,347.6208,0,1,0,1,3.1967,20,353.2938857,0
583,689.8635021,415.7,25,47,0,1,0,361.64738,0,1,0,1,3.1967,20,356.9149893,0
584,698.1841369,432.2,26,49,0,1,0,375.67396,0,1,0,1,3.1967,20,360.4470046,0
585,514.0687338,181.3,11,17,0,1,0,163.25938,1,0,0,1,3.1967,16.5,265.830739,0
586,530.8495969,197.8,12,19,0,1,0,177.28596,1,0,0,1,3.1967,17,272.4208954,0
587,546.5524003,214.3,13,21,0,1,0,191.31254,1,0,0,1,3.1967,17.5,278.7217809,0
588,561.3073384,230.8,14,23,0,1,0,205.33912,1,0,0,1,3.1967,18,284.7577261,0
589,575.2223576,247.3,15,25,0,1,0,219.3657,1,0,0,1,3.1967,18.5,290.5501152,0
590,588.3879538,263.8,16,27,0,1,0,233.39228,1,0,0,1,3.1967,19,296.1178438,0
591,600.8807417,280.3,17,29,0,1,0,247.41886,1,0,0,1,3.1967,19.5,301.4776901,0
592,612.7661568,296.8,18,31,0,1,0,261.44544,1,0,0,1,3.1967,20,306.6446206,0
593,624.1005291,313.3,19,33,0,1,0,275.47202,1,0,0,1,3.1967,20,311.6320411,0
594,634.9326988,329.8,20,35,0,1,0,289.4986,1,0,0,1,3.1967,20,316.4520073,0
595,645.3052871,346.3,21,37,0,1,0,303.52518,1,0,0,1,3.1967,20,321.1153993,0
596,655.2557096,362.8,22,39,0,1,0,317.55176,1,0,0,1,3.1967,20,325.6320705,0
597,664.8169911,379.3,23,41,0,1,0,331.57834,1,0,0,1,3.1967,20,330.0109722,0
598,674.0184265,395.8,24,43,0,1,0,345.60492,1,0,0,1,3.1967,20,334.260261,0
599,682.8861224,412.3,25,45,0,1,0,359.6315,1,0,0,1,3.1967,20,338.3873896,0
600,691.4434436,428.8,26,47,0,1,0,373.65808,1,0,0,1,3.1967,20,342.399186,0
601,699.7113839,445.3,27,49,0,1,0,387.68466,1,0,0,1,3.1967,20,346.3019213,0
602,514.9275138,149.2,10,13,0,1,0,147.21692,1,1,0,2,3.1967,0,318.8509416,0
603,530.5454077,166.5,11,15,0,1,0,161.2435,1,1,0,2,3.1967,5,312.3999837,0
604,546.267143,183,12,17,0,1,0,175.27008,1,1,0,2,3.1967,10,317.1946618,0
605,561.0387946,199.5,13,19,0,1,0,189.29666,1,1,0,2,3.1967,14,321.8343782,0
606,574.9686772,216,14,21,0,1,0,203.32324,1,1,0,2,3.1967,16,326.3288366,0
607,588.1475777,232.5,15,23,0,1,0,217.34982,1,1,0,2,3.1967,16.5,330.686857,0
608,600.652344,249,16,25,0,1,0,231.3764,1,1,0,2,3.1967,17,334.9164795,0
609,612.5486003,265.5,17,27,0,1,0,245.40298,1,1,0,2,3.1967,17.5,339.025054,0
610,623.8928314,282,18,29,0,1,0,259.42956,1,1,0,2,3.1967,18,343.0193167,0
611,634.7340049,298.5,19,31,0,1,0,273.45614,1,1,0,2,3.1967,18.5,346.9054568,0
612,645.1148489,315,20,33,0,1,0,287.48272,1,1,0,2,3.1967,19,350.6891738,0
613,655.0728684,331.5,21,35,0,1,0,301.5093,1,1,0,2,3.1967,19.5,354.3757284,0
614,664.6411641,348,22,37,0,1,0,315.53588,1,1,0,2,3.1967,20,357.969986,0
615,673.8490954,364.5,23,39,0,1,0,329.56246,1,1,0,2,3.1967,20,361.4764555,0
616,682.7228243,381,24,41,0,1,0,343.58904,1,1,0,2,3.1967,20,364.8993232,0
617,691.2857633,397.5,25,43,0,1,0,357.61562,1,1,0,2,3.1967,20,368.2424828,0
618,699.5589479,414,26,45,0,1,0,371.6422,1,1,0,2,3.1967,20,371.5095625,0
619,534.6135073,122.5,9,9,0,1,0,131.17446,1,1,0,2,3.1967,0,352.9810033,0
620,549.0582555,139.8,10,11,0,1,0,145.20104,1,1,0,2,3.1967,5,347.9193181,0
621,563.6671596,156.3,11,13,0,1,0,159.22762,1,1,0,2,3.1967,10,351.676755,0
622,577.4522285,172.8,12,15,0,1,0,173.2542,1,1,0,2,3.1967,14,355.3383574,0
623,590.5014396,189.3,13,17,0,1,0,187.28078,1,1,0,2,3.1967,16,358.9088926,0
624,602.8893891,205.8,14,19,0,1,0,201.30736,1,1,0,2,3.1967,16.5,362.3927808,0
625,614.679875,222.3,15,21,0,1,0,215.33394,1,1,0,2,3.1967,17,365.7941278,0
626,625.9278862,238.8,16,23,0,1,0,229.36052,1,1,0,2,3.1967,17.5,369.1167545,0
627,636.6811526,255.3,17,25,0,1,0,243.3871,1,1,0,2,3.1967,18,372.3642224,0
628,646.9813695,271.8,18,27,0,1,0,257.41368,1,1,0,2,3.1967,18.5,375.5398567,0
629,656.8651738,288.3,19,29,0,1,0,271.44026,1,1,0,2,3.1967,19,378.6467665,0
630,666.3649302,304.8,20,31,0,1,0,285.46684,1,1,0,2,3.1967,19.5,381.6878636,0
631,675.5093712,321.3,21,33,0,1,0,299.49342,1,1,0,2,3.1967,20,384.6658785,0
632,684.3241208,337.8,22,35,0,1,0,313.52,1,1,0,2,3.1967,20,387.5833749,0
633,692.832127,354.3,23,37,0,1,0,327.54658,1,1,0,2,3.1967,20,390.4427639,0
634,701.0540227,370.8,24,39,0,1,0,341.57316,1,1,0,2,3.1967,20,393.2463147,0
635,537.5861814,135.6,10,9,0,1,0,143.18516,2,0,0,2,3.1967,0,338.0402338,0
636,551.8613797,152.9,11,11,0,1,0,157.21174,2,0,0,2,3.1967,5,332.4124002,0
637,566.3085878,169.4,12,13,0,1,0,171.23832,2,0,0,2,3.1967,10,336.5922206,0
638,579.9495981,185.9,13,15,0,1,0,185.2649,2,0,0,2,3.1967,14,340.653787,0
639,592.8696514,202.4,14,17,0,1,0,199.29148,2,0,0,2,3.1967,16,344.6036071,0
640,605.1411457,218.9,15,19,0,1,0,213.31806,2,0,0,2,3.1967,16.5,348.4476654,0
641,616.8260929,235.4,16,21,0,1,0,227.34464,2,0,0,2,3.1967,17,352.1914785,0
642,627.9780155,251.9,17,23,0,1,0,241.37122,2,0,0,2,3.1967,17.5,355.8401421,0
643,638.6434288,268.4,18,25,0,1,0,255.3978,2,0,0,2,3.1967,18,359.3983731,0
644,648.8630126,284.9,19,27,0,1,0,269.42438,2,0,0,2,3.1967,18.5,362.8705459,0
645,658.6725489,301.4,20,29,0,1,0,283.45096,2,0,0,2,3.1967,19,366.2607254,0
646,668.1036775,317.9,21,31,0,1,0,297.47754,2,0,0,2,3.1967,19.5,369.5726946,0
647,677.1845118,334.4,22,33,0,1,0,311.50412,2,0,0,2,3.1967,20,372.8099811,0
648,685.9401441,350.9,23,35,0,1,0,325.5307,2,0,0,2,3.1967,20,375.9758786,0
649,694.3930635,367.4,24,37,0,1,0,339.55728,2,0,0,2,3.1967,20,379.0734681,0
650,702.5635041,383.9,25,39,0,1,0,353.58386,2,0,0,2,3.1967,20,382.1056349,0
651,605.7332006,186.8,14,15,0,1,0,197.2756,2,1,0,3,3.1967,0,380.6289677,0
652,616.6121204,204.1,15,17,0,1,0,211.30218,2,1,0,3,3.1967,5,376.4669116,0
653,627.7735868,220.6,16,19,0,1,0,225.32876,2,1,0,3,3.1967,10,379.5540378,0
654,638.4477287,237.1,17,21,0,1,0,239.35534,2,1,0,3,3.1967,14,382.576178,0
655,648.6753263,253.6,18,23,0,1,0,253.38192,2,1,0,3,3.1967,16,385.5360119,0
656,658.4922459,270.1,19,25,0,1,0,267.4085,2,1,0,3,3.1967,16.5,388.4360568,0
657,667.9301989,286.6,20,27,0,1,0,281.43508,2,1,0,3,3.1967,17,391.2786803,0
658,677.0173598,303.1,21,29,0,1,0,295.46166,2,1,0,3,3.1967,17.5,394.0661123,0
659,685.7788735,319.6,22,31,0,1,0,309.48824,2,1,0,3,3.1967,18,396.8004553,0
660,694.2372745,336.1,23,33,0,1,0,323.51482,2,1,0,3,3.1967,18.5,399.4836937,0
661,702.4128364,352.6,24,35,0,1,0,337.5414,2,1,0,3,3.1967,19,402.1177029,0
662,619.480216,160.1,13,11,0,1,0,181.23314,2,1,0,3,3.1967,0,403.7233627,0
663,629.7767288,177.4,14,13,0,1,0,195.25972,2,1,0,3,3.1967,5,400.1874161,0
664,640.3656413,193.9,15,15,0,1,0,209.2863,2,1,0,3,3.1967,10,402.8086629,0
665,650.5149662,210.4,16,17,0,1,0,223.31288,2,1,0,3,3.1967,14,405.382909,0
666,660.2597514,226.9,17,19,0,1,0,237.33946,2,1,0,3,3.1967,16,407.9118103,0
667,669.6310135,243.4,18,21,0,1,0,251.36604,2,1,0,3,3.1967,16.5,410.3969366,0
668,678.6563333,259.9,19,23,0,1,0,265.39262,2,1,0,3,3.1967,17,412.8397776,0
669,687.3603452,276.4,20,25,0,1,0,279.4192,2,1,0,3,3.1967,17.5,415.2417484,0
670,695.7651424,292.9,21,27,0,1,0,293.44578,2,1,0,3,3.1967,18,417.604194,0
671,621.5848893,173.2,14,11,0,1,0,193.24384,3,0,0,3,3.1967,0,393.3956332,0
672,631.7949723,190.5,15,13,0,1,0,207.27042,3,0,0,3,3.1967,5,389.5924338,0
673,642.2986863,207,16,15,0,1,0,221.297,3,0,0,3,3.1967,10,392.4124761,0
674,652.3697146,223.5,17,17,0,1,0,235.32358,3,0,0,3,3.1967,14,395.178192,0
675,662.0422991,240,18,19,0,1,0,249.35016,3,0,0,3,3.1967,16,397.891635,0
676,671.346771,256.5,19,21,0,1,0,263.37674,3,0,0,3,3.1967,16.5,400.5547446,0
677,680.310125,273,20,23,0,1,0,277.40332,3,0,0,3,3.1967,17,403.169354,0
678,688.956491,289.5,21,25,0,1,0,291.4299,3,0,0,3,3.1967,17.5,405.7371984,0
679,697.3075256,306,22,27,0,1,0,305.45648,3,0,0,3,3.1967,18,408.2599213,0
